Number,source,sentence1,sentence 2,label,,,
1,https://twitter.com/justingrahvm/status/1342105034302099461?s=20&t=gWvd9CuOlKRACawS5WRO1Q,10 o clock me a touch out fi grand market likkle more enuh,Mi plan fi guh grand market roun 10,entailment,,,
2,https://twitter.com/Darkshadez88/status/1041389882487259136?s=20&t=-oDx8vml7lOTtX9RoyRFMQ,Thunder and lightning already inna Portmore,Sun a shine bright inna Portmore,contradiction,,,
3,https://twitter.com/nickoydw/status/1364615424210526216?s=20&t=NH8-qksgQ705pyb2gHAURQ,Mi hungry bad,Mi tired suh till,neutral,,,
4,https://twitter.com/mamachell/status/1339261969140944897?s=20&t=gWvd9CuOlKRACawS5WRO1Q,Di ppl dem pan di road nuh have no weh a go. I need to come off the road. Mi presha,Last week mi an Shane duh road but wi neva av nuff money fi spen,neutral,,,
5,https://twitter.com/DatTallUteWes/status/1476972072526135299?s=20&t=JrM3AmkY2LYLeD1LD8jo2g,"Wah, police dem a gwaan wid beer tings",Di police dem deh down deh a drink beer,neutral,,,
6,https://twitter.com/Shemar_Davis/status/1399059575182086150?s=20&t=U_dXxsfyVOEb4SVp6KYrbQ,Hungry a kill mi,Tired a kill mi,neutral,,,
7,https://twitter.com/Kingtaj_thedj/status/1507869089766821888?s=20&t=IQuj79HJMOb8iVLiC37SrQ,She a diss mi formative years. Mi haffi seh supm,She neva haffi seh nutn,neutral,,,
8,https://twitter.com/shanksrxx_/status/1484568306971512832?s=20&t=ZS3oCOo05OxyJrVIf3I7nQ,Me inna one meeting and me can't concentrate ü•¥üôÑ,Me inna di church and me can't concentrate pon wah di pastor a seh,neutral,,,
9,https://twitter.com/TheAmbitousOne/status/1363123803623223303?s=20&t=NH8-qksgQ705pyb2gHAURQ,Need fi start sue Jamaican companies fi bad and overpriced service,Mi feel like seh di Jamaican hotel dem price dem nuh too bad,neutral,,,
10,https://twitter.com/justkhushii/status/1208828784813715456?s=20&t=8AJtxZ-PxXvYzsrIDJEivw,A cyaa my madda alone use to pack up clothes wah mi naw wear and give them weh WITHOUT CONSULTING ME.,My madda use to tek mi clothes dem and gi dem weh widdout mi permission,entailment,,,
11,https://twitter.com/SincerelyWizana/status/1036573696222277632?s=20&t=-oDx8vml7lOTtX9RoyRFMQ,"Mi Inna my bed, next week UWI see me.",Mi a guh UWI dis evenin,contradiction,,,
12,https://twitter.com/coolizzle/status/1183092374517497856?s=20&t=gWvd9CuOlKRACawS5WRO1Q,Mi just a sleep dung the place so üò©,Mi a drop a sleep lef right and centre,entailment,,,
13,https://twitter.com/shereedaci_/status/1476976907841421316?s=20&t=U_dXxsfyVOEb4SVp6KYrbQ,Benz still deh ah di dealership,Toyota still deh a di dealership,neutral,,,
14,https://twitter.com/diaveragejoe/status/1210256109887512580?s=20&t=-oDx8vml7lOTtX9RoyRFMQ,Yow mi ago buy lotto tomorro,Tomorrow mi a guh buy lotto ticket,entailment,,,
15,https://twitter.com/gavinmyaz/status/1472201708671582214?s=20&t=zwn4FUuoNbZJnnOR2pOdNA,Mi not even undastan di proverb,Mi nuh fully get weh di proverb a seh,entailment,,,
16,https://twitter.com/KajhaKajha/status/1490048798290239490?s=20&t=v7GgCcfOyOGmAgjPDuH66w,Adulting rough me nah lie,Adulting nuh easy at all,entailment,,,
17,https://twitter.com/AgentLeoni/status/1398672147069931523?s=20&t=U_dXxsfyVOEb4SVp6KYrbQ,then it look like me haffi go start mek patty!! a patty and fruits this child wah eat alone,mi need fi learn fi mek patty! fruits and patty is all dis pikney eat,entailment,,,
18,https://twitter.com/AinzyJayy/status/1470470714906009603?s=20&t=JrM3AmkY2LYLeD1LD8jo2g,Man deven deh a di club and unu cya stop his picture,Mi nuh really tek picture wen mi deh inna di club,neutral,,,
19,https://jamaicans.com/talk/,Mi bak a hat mi,Mi neck a hurt mi,neutral,,,
20,https://twitter.com/coolizzle/status/1194037465553743872?s=20&t=tPhQg8pj_dcCZfGkj7FXJg,As mi reach home mi wah sleep,Once mi reach mi house mi feel tiyad,entailment,,,
21,https://twitter.com/charging_air/status/1180365943479947264?s=20&t=gWvd9CuOlKRACawS5WRO1Q,Mi inna mi bed,Mi bed comfortable bad,neutral,,,
22,https://twitter.com/mishii_smallz/status/1475264743002808325?s=20&t=EnaTIYJcE74TOxb481FA7Q,"Cyah believe Sting nuh keep again, is like all a di nice tings dem stop gwan when mi finally reach of age",Once yuh reach of age yuh realize seh adulthood is a different ball game,neutral,,,
23,https://twitter.com/rhino_coopes/status/1495021453611356162?s=20&t=3Gc1Nj1IdbGayI6kRUSXOQ,Mi sorry seh ano Zuma score  lol,Mi glad seh a nuh Zuma score,contradiction,,,
24,https://twitter.com/Sexy_seggy/status/1201113814244241409?s=20&t=8AJtxZ-PxXvYzsrIDJEivw,Mi jus wake,Mi wake up long time,contradiction,,,
25,https://twitter.com/coolizzle/status/1208925663908048896?s=20&t=8AJtxZ-PxXvYzsrIDJEivw,Meeda like fi know too,Mi nuh wah know,contradiction,,,
26,https://twitter.com/londiemurray/status/1204807468053942273?s=20&t=8AJtxZ-PxXvYzsrIDJEivw,Mi gone back a mi bed gone sleep,Mi a guh back guh sleep,entailment,,,
27,https://twitter.com/Kenflyerr/status/1489018506523910147?s=20&t=v7GgCcfOyOGmAgjPDuH66w,Definitely not lol. Dem thing deh a luxury now. Me link the box food shop in a me scheme.,Dem a scheme fi tek di man position but im nah guh mek dem do it,neutral,,,
28,https://twitter.com/Whyy_Rochhh/status/1188657642446753792?s=20&t=gWvd9CuOlKRACawS5WRO1Q,All now me nuh reach inna the portmore cinema. Need fi make the trod one of these days.,Mi guh portmore cinema every week from di year start. Mi feel like mi need fi stop guh.,contradiction,,,
29,https://twitter.com/fabianmthomas/status/1331383722415960073?s=20&t=JrM3AmkY2LYLeD1LD8jo2g,Zack's Smoke Shack a gwaan wid a bag a tings,Zack's Smoke Shack nah gwaan wid nutn,contradiction,,,
30,https://twitter.com/KhalidGraham/status/1497358790123008001?s=20&t=HZGIwWFovpsqjzxsfc8BnQ,Ukrainian ambassador a push badness inna tha speech yah nuh rawtid.,Ukranian ambassador speech did well tame,contradiction,,,
31,https://twitter.com/ahh_moyy/status/1178834050070528000?s=20&t=gWvd9CuOlKRACawS5WRO1Q,I have a test tomorrow and before mi go study mia play Mario Kartü§¶üèæ‚Äç‚ôÄÔ∏è,Mi naav no more test or exam but mi still a look ova di lecture dem,contradiction,,,
32,https://twitter.com/JoJoNae/status/1341876328195305475?s=20&t=gWvd9CuOlKRACawS5WRO1Q,Bredda dem ah charge ppl $150 and $200 pon taxi from town to trees.,Roun $150 or $200 fi tek a taxi from town to trees,entailment,,,
33,https://twitter.com/kenyatta_pow/status/1210597334809227265?s=20&t=-oDx8vml7lOTtX9RoyRFMQ,Mi neva call no name still..,Mi neva mention nuhbody specific,entailment,,,
34,https://twitter.com/chrstnwhtly/status/1209544531651317766?s=20&t=8AJtxZ-PxXvYzsrIDJEivw,Unu a like the tweet but unu nah answer mi,Unu a answer mi but unu nah like di tweet,contradiction,,,
35,https://twitter.com/_AshPalmer/status/1205709365853995009?s=20&t=8AJtxZ-PxXvYzsrIDJEivw,Mi jus wah shave off mi eyebrow dem,Mi need fi shave before mi go di people dem event,neutral,,,
36,https://twitter.com/leBossLYNCH/status/1191488869818150914?s=20&t=gWvd9CuOlKRACawS5WRO1Q,Garbage collector dem fi get nuff money!,Teacha deserve fi get dem pay!,neutral,,,
37,https://twitter.com/venessa23730214/status/1500114701660868612?s=20&t=-sXsfeKCclaiQMa9DPHUDQ,Nuff power inna prayer and psalms,Mi know seh mi granny always a pray fi me,neutral,,,
38,https://twitter.com/londiemurray/status/1187394210388959233?s=20&t=gWvd9CuOlKRACawS5WRO1Q,About 5 fry dumplings deh inna the bag ennuh,Food deh inna di bag,entailment,,,
39,https://twitter.com/___KimberlyK/status/1204132908908339202?s=20&t=8AJtxZ-PxXvYzsrIDJEivw,In deh crowded.,In deh empty,contradiction,,,
40,https://twitter.com/Thewellthnut/status/1496995110915035143?s=20&t=73wGLPzu_3Z5ZAbgA_yETQ,Di world wah wash off wid coconut water. Jesus.,Yuh heart wah wash off wid likkle coconut wata.,neutral,,,
41,https://twitter.com/SiriusBlock_/status/1187909363400351744?s=20&t=gWvd9CuOlKRACawS5WRO1Q,2 movies me watch since I got home. Mi have the people dem work fi do innuh.,From mi come home mi a do di people dem work,contradiction,,,
42,https://twitter.com/Andi_O/status/1490121154857689094?s=20&t=3Gc1Nj1IdbGayI6kRUSXOQ,Yu know seh me still siddung inna de car? Nuh waan go een.,Me siddung a scroll pan mi phone like mi nuh av work a mawnin,neutral,,,
43,https://twitter.com/iamsoauthentic3/status/1181778350756569088?s=20&t=gWvd9CuOlKRACawS5WRO1Q,"Better mi neva drink the tea, somehow I feel worse",From mi drink di tea mi feel betta,contradiction,,,
44,https://twitter.com/bizdwg/status/993619157383081984?s=20&t=-oDx8vml7lOTtX9RoyRFMQ,First time mi a reach home before 6 inna months,Every day since di year start mi reach a mi yaad before 6,contradiction,,,
45,https://twitter.com/Frikalicious/status/1469365353348272140?s=20&t=JrM3AmkY2LYLeD1LD8jo2g,Jeff just a jump yah so and deh so,Jeff just stan up one place,contradiction,,,
46,https://twitter.com/Wasiv_joey/status/1209139963629051905?s=20&t=8AJtxZ-PxXvYzsrIDJEivw,Mi really nah feel fi come work Friday enugh,Mi excited fi come a work Friday,contradiction,,,
47,https://twitter.com/j_talibah/status/1202887749721829376?s=20&t=8AJtxZ-PxXvYzsrIDJEivw,Me nah go sleep early fi work again. I miss all the good stuff,Waking up early for work nah guh mek mi sleep weh an miss all weh a gwaan,entailment,,,
48,https://twitter.com/aadyche/status/1211727252804767744?s=20&t=-oDx8vml7lOTtX9RoyRFMQ,know seh i bake for donjae over a week ago and all now him nuh collect it so that get nyam tonight,Everytime mi bake fi donjae him always quick fi come collect di food,contradiction,,,
49,https://www.google.com/books/edition/Chat_Bout/hnxcDwAAQBAJ?hl=en&gbpv=1&dq=Chat+%E2%80%99About!:+An+Anthology+of+Jamaican+Conversations&printsec=frontcover,"Fi billiasness, drink a likkle search-mi-heart tea","Fi sore troat, chew garlic wid some honey an lime",neutral,,,
50,https://twitter.com/k3v0l/status/289795381343158272?s=20&t=zwn4FUuoNbZJnnOR2pOdNA,Jason mi deh cook and me nah mek u mek di likkle bickle bun up!,Jason neva eat cook food from da restaurant deh inna im life,neutral,,,
51,https://twitter.com/mymydadonn/status/1220069788669632512?s=20&t=JrM3AmkY2LYLeD1LD8jo2g,JUST TOUCH DOWN INNA DI AIRPORT!!! MMMHMM,Just land inna di airport!,entailment,,,
52,https://twitter.com/mamachell/status/1200963724699459584?s=20&t=8AJtxZ-PxXvYzsrIDJEivw,Mi fraid fi go over deh,Mi fraid fi eat dat,neutral,,,
53,https://twitter.com/Shauna_Gee/status/1036075174632869888?s=20&t=-oDx8vml7lOTtX9RoyRFMQ,Something inna di fry chicken a mek people guh crazy,Di people dem mad ova di fry chicken,entailment,,,
54,https://twitter.com/AndreCooper876/status/1471602160991408130?s=20&t=EnaTIYJcE74TOxb481FA7Q,"Di Chile a stare pan me, fraid fi seh sumn",Di pickney not even a look pan me,contradiction,,,
55,https://twitter.com/her_curry_gravy/status/1338238304966356994?s=20&t=gWvd9CuOlKRACawS5WRO1Q,Dem man ya no work pass sunset lol.,Long time now mi nuh get fi guh work,neutral,,,
56,https://twitter.com/JAX_inUrbox/status/1023203914815037440?s=20&t=-oDx8vml7lOTtX9RoyRFMQ,It‚Äôs been dry as a crisp now it wah come rain when man inna all white,Nuh rain neva did a fall but now it wah wet mi up when mi a wear full white,entailment,,,
57,https://twitter.com/__SimplyCassiee/status/1342473591229722625?s=20&t=gWvd9CuOlKRACawS5WRO1Q,No paint shop nuh open üò©,All a di paint shop dem open,contradiction,,,
58,https://twitter.com/coolizzle/status/1211504312653885445?s=20&t=-oDx8vml7lOTtX9RoyRFMQ,Mi haffi go wake up early den,Mi need fi get up early den,entailment,,,
59,https://twitter.com/DirCreez/status/997115672680419328?s=20&t=-oDx8vml7lOTtX9RoyRFMQ,Yuh know seh mi seriously ago invest inna one bicycle,Mi plan fi buy one bicycle,entailment,,,
60,https://twitter.com/carpedickem/status/1340076555612110848?s=20&t=gWvd9CuOlKRACawS5WRO1Q,One ting bout Jamaicans...we nuh frighten fi celebrity,Jamaican people love fi guh foreign and come back a floss like dem a celebrity,neutral,,,
61,https://twitter.com/BadGyallRiRi/status/1209527223314788354?s=20&t=8AJtxZ-PxXvYzsrIDJEivw,"One thing bout All That Matters, you will guh fi one ting and lef wid 30",All weh a gwaan mi plan fi buy nuff tings when mi guh a foreign,neutral,,,
62,https://twitter.com/AriaoneDon/status/1188988035892940806?s=20&t=gWvd9CuOlKRACawS5WRO1Q,Mi nuh bada waa get married... ever,Mi cyaa wait fi get married,contradiction,,,
63,https://twitter.com/_chebaines/status/1200216760525475845?s=20&t=8AJtxZ-PxXvYzsrIDJEivw,price fi Honda stream gone up yah now,Honda stream dem a get more expensive,entailment,,,
64,https://twitter.com/geoffmarsh/status/1496276934392696841?s=20&t=73wGLPzu_3Z5ZAbgA_yETQ,Dem ah tek libaty wid we...,Dem ah tek wi fi poppyshow...,entailment,,,
65,https://twitter.com/TrueluvWaitx/status/1208811498602221572?s=20&t=8AJtxZ-PxXvYzsrIDJEivw,"Tbh not being ungrateful but me tired of food now. Me want go blue mountain, rafting and them things deh  tired of  eating I want experiences","Me wah fi experience places like Blue Mountain and do rafting, mi nuh really wah guh nuh more restaurant",entailment,,,
66,https://twitter.com/niakumi/status/1202693266849878021?s=20&t=8AJtxZ-PxXvYzsrIDJEivw,mi a go get a helper back,mi neva hire a helper inna mi life yet,contradiction,,,
67,https://twitter.com/lashtician/status/1338552768282456075?s=20&t=gWvd9CuOlKRACawS5WRO1Q,Me waah some taste good food weh nah go bruck me but me nuh waah nuh rice,Mi love fi go Ribbiz cause dem pasta sell off!,neutral,,,
68,https://twitter.com/coolizzle/status/1024861251527172097?s=20&t=-oDx8vml7lOTtX9RoyRFMQ,Mi wah tek part inna your wedding,Mi wah yuh mek mi do sumn inna your wedding,entailment,,,
69,https://twitter.com/justkhushii/status/1209504387124609024?s=20&t=8AJtxZ-PxXvYzsrIDJEivw,Ready fi guh back a skl,Mi cyaa wait fi guh back a school,entailment,,,
70,https://twitter.com/_jevonl/status/1183110061037707264?s=20&t=gWvd9CuOlKRACawS5WRO1Q,Mi hate group work dawg,Mi nuh like do group work,entailment,,,
71,https://twitter.com/MoneyMagnet1797/status/1177670517437939713?s=20&t=gWvd9CuOlKRACawS5WRO1Q,Long time mi nuh tek mi medicine...,Mi tek two panadol dis mornin,contradiction,,,
72,https://twitter.com/ShadaeTiana/status/1204838656340635648?s=20&t=8AJtxZ-PxXvYzsrIDJEivw,"Nah lie, me fully nervous fi da exam ya",Da exam ya nah stress mi. Mi know mi a guh pass,contradiction,,,
73,https://twitter.com/aquarian_nette/status/1338218945065734146?s=20&t=gWvd9CuOlKRACawS5WRO1Q,Me waan sleep yah now,Me ready fi gah mi bed,entailment,,,
74,https://twitter.com/YztShane/status/1203321944113848322?s=20&t=8AJtxZ-PxXvYzsrIDJEivw,Chelsea never cease fi disappoint me,Chelsea neva disappoint mi yet,contradiction,,,
75,https://twitter.com/im_chill_bitch/status/1209189253269327873?s=20&t=8AJtxZ-PxXvYzsrIDJEivw,Mi need money fi the things Wey mi a plan do this holiday üôÅ,Mi plan fi do tings weh cost money this holiday,entailment,,,
76,https://twitter.com/DJromziinova876/status/1509223141595299844?s=20&t=ZARFAOSEARkqad_Lf5DSSg,We cyaa watch weh everybody else a do. Just haffi do our thing and make them see it.,Haffi guh see da movie deh wen dem release it. Mi hear seh it sell off!,neutral,,,
77,https://twitter.com/kubanz_chav/status/1343028777945870336?s=20&t=gWvd9CuOlKRACawS5WRO1Q,Last year dem time ya me just a check inna I love soca,Mi guh I love soca last year,entailment,,,
78,https://twitter.com/BlaquesBerry/status/982601896002228224?s=20&t=-oDx8vml7lOTtX9RoyRFMQ,This is the worst game me ever watch this season üòÇ..better me go play some ball inna di morning ya,Dis a di best game mi watch from di season start,contradiction,,,
79,https://twitter.com/purpzicle/status/1027661832410918912?s=20&t=-oDx8vml7lOTtX9RoyRFMQ,A bare apple device inna Starbucks,Nuhbody inna Starbucks nah use nuh Apple device,contradiction,,,
80,https://twitter.com/ScorpioChicDenz/status/1398729391572652039?s=20&t=U_dXxsfyVOEb4SVp6KYrbQ,Match nuh done yet,Match done from long time,contradiction,,,
81,https://twitter.com/Hu_maaan/status/1186540438041313280?s=20&t=gWvd9CuOlKRACawS5WRO1Q,Food deh a d house,Nutn fi eat nuh deh a di house,contradiction,,,
82,https://twitter.com/JoJoNae/status/1340015194592997377?s=20&t=gWvd9CuOlKRACawS5WRO1Q,All ah me fren dem ah lose weight and me ah ketch it,Mi fren dem normally guh gym wid mi inna di evening dem,neutral,,,
83,https://twitter.com/touchescodling/status/1208394833313837057?s=20&t=8AJtxZ-PxXvYzsrIDJEivw,Down town nah see me again fi a while. Nope,Mi a guh avoid down town fi now,entailment,,,
84,https://twitter.com/RohnnieMoe/status/1497281375195459585?s=20&t=HZGIwWFovpsqjzxsfc8BnQ,Stop listen zip inna the morning bruv‚Ä¶bare rubbish dem yute ya chat‚Ä¶,Nah guh listen nuh more zip a mornin time cause a bere foolishness dem yute ya chat,entailment,,,
85,https://twitter.com/bizdwg/status/1209221594259902464?s=20&t=8AJtxZ-PxXvYzsrIDJEivw,Mi excited bout ball game lata,Mi nuh really a look fawud to di ball game lata,contradiction,,,
86,https://twitter.com/_TertiumQuid/status/1472195801959092227?s=20&t=JrM3AmkY2LYLeD1LD8jo2g,We need fi send Kirk Wright over deh fi get we some on the scene reporting,Kirk Wright do most a di reporting fi di accident dung a Moore Town,neutral,,,
87,https://twitter.com/Amari4lyphe/status/1209520011255123968?s=20&t=8AJtxZ-PxXvYzsrIDJEivw,A time fi me a get Clarks as present now,Full time now smaddy fi buy mi some Clarks as gift,entailment,,,
88,https://twitter.com/kmelia876/status/1208482727546249216?s=20&t=8AJtxZ-PxXvYzsrIDJEivw,Ready fi wash and rain start fall,Bout fi wash yah now and rain come down,entailment,,,
89,https://twitter.com/N0xID09/status/1495421587411058692?s=20&t=MZ7dughlpWcD3YYNwVt__A,Me tired fi talk,Me tired fi tek bus,neutral,,,
90,https://twitter.com/Red_Robyin/status/1198742240291696640?s=20&t=tPhQg8pj_dcCZfGkj7FXJg,Mi nuh like beg people favors. Not even my parents. Either me dweet miself or mah guh pay someone but beg? Nope,"Mi always a beg people favors, especially mi family. If mi nuh affi duh it miself mi a guh ask yuh fi help me",contradiction,,,
91,https://twitter.com/Andi_O/status/1478872254339588097?s=20&t=JrM3AmkY2LYLeD1LD8jo2g,Why squaddie even bother wid that mask?  It ah hold up him chin but nah offer no protection whatsoever,Squaddie mask well secure pon him face. Him nah ramp bout di protection,contradiction,,,
92,https://twitter.com/gvijin/status/1298550255051563008?s=20&t=73wGLPzu_3Z5ZAbgA_yETQ,People dem can hardly sleep wid everything weh a gwan üò©,People a struggle fi rest wid all weh a guh down,entailment,,,
93,https://twitter.com/ewgraiam/status/1210588470600712192?s=20&t=-oDx8vml7lOTtX9RoyRFMQ,saw a lot of people I knew yesterday but unnu walk too fast and me nah run dung nuhbody fi seh hi. Sigma is in February.,Neva really si nuhbody wah mi know yesterday,contradiction,,,
94,https://twitter.com/leBossLYNCH/status/1191046703115374593?s=20&t=gWvd9CuOlKRACawS5WRO1Q,Mi waa cook,Mi waa sleep,neutral,,,
95,https://twitter.com/TheRoyalBlu/status/1478549264632528897?s=20&t=JrM3AmkY2LYLeD1LD8jo2g, mek we guh get some money,mek we guh len ar some money,neutral,,,
96,https://twitter.com/1Dan876/status/1492262230968221702?s=20&t=ZS3oCOo05OxyJrVIf3I7nQ,Mi never born inna riches but my children will üëåüèºüôèüèº,Mi born inna riches suh my children a guh rich too,contradiction,,,
97,https://twitter.com/_axingj/status/1399396251515359238?s=20&t=U_dXxsfyVOEb4SVp6KYrbQ,4 panadol mi tek from morning,mi did tek some medicine dis morning,entailment,,,
98,https://twitter.com/danaxramona/status/1509279362826309641?s=20&t=-sXsfeKCclaiQMa9DPHUDQ,Chicken foot fi inna soup!,Chicken foot fi lef outta soup!,contradiction,,,
99,https://twitter.com/EveryGyalMan/status/1180097558405890052?s=20&t=gWvd9CuOlKRACawS5WRO1Q,Can‚Äôt wake early fi go work fi save my life,Mi struggle fi wake up early fi guh work a mornin time,entailment,,,
100,https://twitter.com/j_talibah/status/1460881942149271554?s=20&t=73wGLPzu_3Z5ZAbgA_yETQ,One thing wid me me ago wake up inna the middle a the morning,One ting wid me me nah guh wake up till mi alarm ring a 12:30,contradiction,,,
101,https://twitter.com/chrstnwhtly/status/1209582927509704706?s=20&t=8AJtxZ-PxXvYzsrIDJEivw,"I‚Äôm not gonna come on here and act like I know how to shop for men because I DON‚ÄôT. 

Unu hard fi shop fa and every time we ask wah unu like, unu list the same 5 things. 

If unu doh know, how me must know??",Man nuh easy fi shop fa cause dem nuh av nuh likkle variety wid di tings wah dem like. How mi suppose to know wah fi buy if you nuh know weh you waa?,entailment,,,
102,https://twitter.com/rick_case/status/1487210945877323783?s=20&t=EnaTIYJcE74TOxb481FA7Q,Carry me wid you,Bring me wid you,entailment,,,
103,https://twitter.com/KmixHyperactive/status/1496267785101615111?s=20&t=73wGLPzu_3Z5ZAbgA_yETQ,is like this government a tease we wid the curfew,The government nah gwaan wid nutn fi di economy,neutral,,,
104,https://twitter.com/_jevonl/status/1183195222605520897?s=20&t=gWvd9CuOlKRACawS5WRO1Q,Mi feel offended üò≠,Mi feel fi some guinep,neutral,,,
105,https://twitter.com/shantebravo1/status/1182438257042378753?s=20&t=gWvd9CuOlKRACawS5WRO1Q,Full time me go shopping fi new clothes,Mi need fi guh get some new curtain,neutral,,,
106,https://twitter.com/sadabolt/status/1200446290766782466?s=20&t=8AJtxZ-PxXvYzsrIDJEivw,Mi want a big box food today.,Mi nuh feel fi eat nuh sushi today,neutral,,,
107,https://www.google.com/books/edition/Chat_Bout/hnxcDwAAQBAJ?hl=en&gbpv=1&dq=Chat+%E2%80%99About!:+An+Anthology+of+Jamaican+Conversations&printsec=frontcover,Mi yeye dem a go glue on pon dat deh cricket field,Mi a guh watch a cricket match,entailment,,,
108,https://twitter.com/sudanuniverse/status/1471866731308199939?s=20&t=zwn4FUuoNbZJnnOR2pOdNA,Mi wi drop dung mek dem send mi home enuh,Mi nuh care ow bad tings a gwaan a work mi nah guh do nutn drastic fi risk di likkle job,contradiction,,,
109,https://twitter.com/drewfitzz/status/1203372657770672129?s=20&t=8AJtxZ-PxXvYzsrIDJEivw,Mi need fi come go home guh watch this match,Dem play di match yesterday but di home team neva win,neutral,,,
110,https://twitter.com/DMarcAnthony/status/1487107250967752714?s=20&t=v7GgCcfOyOGmAgjPDuH66w,Mi love dat deh passage deh.,Mi hate dah passage deh.,contradiction,,,
111,https://twitter.com/JvaughnFrancis/status/1206568965817982978?s=20&t=8AJtxZ-PxXvYzsrIDJEivw,Mi feel like Drake and Davido a go di deh,Mi feel seh Drake and Davido a guh come,entailment,,,
112,https://twitter.com/iAmTheTiffany_/status/987005851885031424?s=20&t=-oDx8vml7lOTtX9RoyRFMQ,Me a di youngest inna the group everybody a at least thirty why dem naah mek me prospa üò©,Mi nuh older dan nuhbody else weh inna di group and dem naah mek me prospa,entailment,,,
113,https://twitter.com/876_louis/status/1208849591900278784?s=20&t=8AJtxZ-PxXvYzsrIDJEivw,"When the man drop foreva, mi did see a growth from the Artist weh nuff artist inna Dancehall neva show before.",The dancehall singer dem nah really put out nuh dancin tune like wah dem used to do inna Bogle days,neutral,,,
114,https://twitter.com/_Porktail47/status/1209299397470818304?s=20&t=8AJtxZ-PxXvYzsrIDJEivw,One time me used to kill up mi self fi buy shoes and clothes fi Christmas and now mi juss deh yah,Mi use to always a shop fi clothes when Christmas come but mi nuh really too do dat nowadays,entailment,,,
115,https://twitter.com/jay_don_/status/1495775711109558277?s=20&t=3Gc1Nj1IdbGayI6kRUSXOQ,Reddit seh mi answer is against guidelines and mi might get ban lmao,Reddit might ban mi cause dem seh weh mi write nuh mesh wid dem guidelines,entailment,,,
116,https://twitter.com/joshpratt_20/status/1505287810424709121?s=20&t=IQuj79HJMOb8iVLiC37SrQ,Me seh me tiyad fi a learn,Me love fi learn,contradiction,,,
117,https://twitter.com/diaveragejoe/status/1179421844073586688?s=20&t=gWvd9CuOlKRACawS5WRO1Q,Cyaa tell wen last mi see a road ball game inna mi scheme,Long time dem nuh play ball game inna mi scheme ,entailment,,,
118,https://twitter.com/kdfizja/status/1188163495214358537?s=20&t=gWvd9CuOlKRACawS5WRO1Q,Mi a labourite,Mi support JLP,entailment,,,
119,https://twitter.com/mcmclish/status/1198443563194957825?s=20&t=tPhQg8pj_dcCZfGkj7FXJg,Buff bay soon and mi still deh a Papine. Engine affi go get step out,Mi reach Buff Bay already but mi neva bodda drive chru Papine,contradiction,,,
120,https://twitter.com/_jevonl/status/1199515093249253377?s=20&t=tPhQg8pj_dcCZfGkj7FXJg,"Mi nuh know if a how UTech teach it or what, but mi hate SQL and can‚Äôt use it to save my life",Nuhbady nuh bad wid SQL like me. Mi love use it,contradiction,,,
121,https://twitter.com/diaveragejoe/status/1191569669045526528?s=20&t=gWvd9CuOlKRACawS5WRO1Q,Lef mi mother a di yaad a cook up some oxtail..... come back from ball game to bare plate inna sink and empty pot. Wah cuda cause this,Mi mother did a cook some oxtail before mi guh ball game but she neva lef none fi me,entailment,,,
122,https://twitter.com/JoJoNae/status/1201304162341982210?s=20&t=8AJtxZ-PxXvYzsrIDJEivw,Feel fi mac n cheese,Feel fi a cheese cake,neutral,,,
123,https://twitter.com/samisthGOAT/status/1184957778173091840?s=20&t=gWvd9CuOlKRACawS5WRO1Q,Guh outside fi hang out two shirts and the mosquito dem nearly nyam mi up,Mi guh out fi put mi clothes dem pon di line and a bere mosquito start bite me,entailment,,,
124,https://twitter.com/paulvlone/status/1211303572308209664?s=20&t=-oDx8vml7lOTtX9RoyRFMQ,"Mi nuh do too much talking. Me say weh me affi say one time and a it dat.
ü•Ç","From mi seh wah mi seh, mi done talk!",entailment,,,
125,https://twitter.com/NarkoGREEN/status/1338290510272876551?s=20&t=gWvd9CuOlKRACawS5WRO1Q,Tears nearly come to mi eyes when mi turn up Elizabeth Avenue and see that they resurfaced the road. Mi can finally start driving back there.,Mi glad seh dem fix Elizabeth Avenue. Mi can start use di road again,entailment,,,
126,https://twitter.com/torpedo876/status/1197142681513865216?s=20&t=tPhQg8pj_dcCZfGkj7FXJg,Nuff Toyota rush Deh yah inno.,Mi deh yah and mi nuh really si nuh Toyota rush.,contradiction,,,
127,https://twitter.com/Breakin_Brad/status/1470393072047603718?s=20&t=JrM3AmkY2LYLeD1LD8jo2g,"Bredren a tell me bout the company weh him work seh them put rat poison inna the vents to kill some rats, apparently nobody never know how it a guh go when the rat them dead",Bredren seh dem poison di rat dem weh deh inna di vents weh him work wid rat poison but dem nuh know wah fi do bout di dead rat dem,entailment,,,
128,https://twitter.com/moneaox/status/620447274548637696?s=20&t=EnaTIYJcE74TOxb481FA7Q,"Mi actually neva knw smn did appen, oops",Mi actually did know seh sumn appen,contradiction,,,
129,https://twitter.com/KyroSmoke/status/1495413191437918208?s=20&t=MZ7dughlpWcD3YYNwVt__A,Fight fi weh u want never give up uteüåÄ,Di yute dem a fight up a Halfway Tree,neutral,,,
130,https://twitter.com/JoJoNae/status/1179172068027445248?s=20&t=gWvd9CuOlKRACawS5WRO1Q,Mi have more wata inna my backyard than Mona dam.,Mi backyard flood out.,entailment,,,
131,https://twitter.com/justkhushii/status/1211281161533771777?s=20&t=-oDx8vml7lOTtX9RoyRFMQ,Once a year mi guh church... New years eve,Every week church see mi,contradiction,,,
132,https://twitter.com/Andi_O/status/1469101348549545990?s=20&t=EnaTIYJcE74TOxb481FA7Q,De poor man neva last long. Him hair all start pick out,De man bruk suh till him cyaa afford fi trim im hair,neutral,,,
133,https://twitter.com/davidlxndr/status/1209529948949667845?s=20&t=8AJtxZ-PxXvYzsrIDJEivw,I swear bruv.. mi nuh see sun since weekend,Di place bleak bad since last weekend,entailment,,,
134,https://twitter.com/hernameisToy/status/1188121744659435520?s=20&t=gWvd9CuOlKRACawS5WRO1Q,Feel fi some cornmeal porridge,Long time mi nuh cook cornmeal porridge,neutral,,,
135,https://twitter.com/AlwNick/status/1205893591056429056?s=20&t=8AJtxZ-PxXvYzsrIDJEivw,Mi nervous,Mi feel calm,contradiction,,,
136,https://twitter.com/ivancruickshank/status/1199606875966324736?s=20&t=tPhQg8pj_dcCZfGkj7FXJg,Mi seh.   Mi deh yah a struggle to go back to sleep,As mi close mi eye dem mi drop a sleep,contradiction,,,
137,https://twitter.com/JcanKay/status/1199381006387683333?s=20&t=tPhQg8pj_dcCZfGkj7FXJg,Mi feel sick ü§¢,Mi nuh feel too too well,entailment,,,
138,https://twitter.com/MaylerShavelle/status/1207355079315120128?s=20&t=8AJtxZ-PxXvYzsrIDJEivw,Mi stop drink!!!üò©,Mi nuh drink nuh more!!,entailment,,,
139,https://twitter.com/ash_nelle_/status/1494343780975185931?s=20&t=wkO1-mquKJWj6g64zSaWxA,Watch nice oxtail weh nah cook in a mi house ü§£ mi rada by 8lb a turkey neck wid dah money yah... #disnuhsafe #moveframdeh,Wen me cook di turkey neck it taste betta it dan wen mi sista mek it cause mi use likkle Maggie seasoning,neutral,,,
140,https://twitter.com/BadGyallRiRi/status/1211312497350844421?s=20&t=-oDx8vml7lOTtX9RoyRFMQ,Mi miss unu yuh si lol,Mi long fi see unu,entailment,,,
141,https://twitter.com/father_rhooms/status/1455358718648983558?s=20&t=ZARFAOSEARkqad_Lf5DSSg,you affi careful a people weh wah inna everybody friend group,mi neva know seh dem deh inna di same fren group,neutral,,,
142,https://twitter.com/coolizzle/status/1209215685240541195?s=20&t=8AJtxZ-PxXvYzsrIDJEivw,Rain fall and mi bruk mi neck go tek up my clothes. As mi come inside rain stop and sun come out,Rain did a fall but mi leave di clothes pon di line and see it deh di sun end up come out few minutes lata,contradiction,,,
143,https://twitter.com/_doofy/status/1489348375413723148?s=20&t=wkO1-mquKJWj6g64zSaWxA,need a country drive out wid my fren dem,most a mi fren dem live a town,neutral,,,
144,https://twitter.com/Xavzzzzz/status/1508979842540314626?s=20&t=-oDx8vml7lOTtX9RoyRFMQ,From wah day me nuh stop screenshot (press gas and brake at the same time) me car when me a park,From wah day deh me a struggle fi park cause dem parking lot always full,neutral,,,
145,https://twitter.com/simmah_san/status/1189276538874793984?s=20&t=gWvd9CuOlKRACawS5WRO1Q,"Flow just da same, can't believe mi a say dis, but WhatsApp calling a get better dan digicel n flow to how dem get horrible",Whatsapp calling look like it a get better dan Flow and Digicel di way how two a dem terrible,entailment,,,
146,https://twitter.com/_joshmcneil/status/1192456889990307846?s=20&t=tPhQg8pj_dcCZfGkj7FXJg,Mi hungry and mi cya bother get up go look bout anything,Mi feel fi some coconut wata fi drink,neutral,,,
147,https://twitter.com/MikRobAFC/status/1013917158378758145?s=20&t=-oDx8vml7lOTtX9RoyRFMQ,Me nah eat ntn weh nuh cook inna canteen,Mi nuh eat canteen food,entailment,,,
148,https://twitter.com/ShackeriaF/status/1338172756735758341?s=20&t=gWvd9CuOlKRACawS5WRO1Q,Have some packages fi collect a ShipMe and mi nuh hve any money.,Mi get pay last week so mi have nuff money fi spen,contradiction,,,
149,https://twitter.com/djspugy876/status/1204919851644534785?s=20&t=8AJtxZ-PxXvYzsrIDJEivw,Feel fi sum pasta tonight! #ribbiz,Mi wah eat pasta tonight,entailment,,,
150,https://twitter.com/UpperKlassE/status/1489388459689136131?s=20&t=EnaTIYJcE74TOxb481FA7Q,Cyaa bodda wid dem headache ya enuh,Tiyad fi me head a hurt me now,entailment,,,
151,https://twitter.com/myfriendgia/status/1208028661288493057?s=20&t=8AJtxZ-PxXvYzsrIDJEivw,Mi devn use Facebook like dat.,Mi eva a use Facebook,contradiction,,,
152,https://twitter.com/Jus_Davi876/status/1499725288384737287?s=20&t=IQuj79HJMOb8iVLiC37SrQ,"Mi seh, people presumptuous bad enno!!",Mi nuh feel seh people need fi stay suh,neutral,,,
153,https://twitter.com/ashes_Nmystics/status/1207354463750631425?s=20&t=8AJtxZ-PxXvYzsrIDJEivw,"Wax off a whole tilapia, plate of rice and peas, pasta salad, and some veg.... you know seh all mi wah duh yah now ah sleep üò©",Mi eat off a big plate a food so right now a piece a tiyadness a lick mi fi six,entailment,,,
154,https://twitter.com/coolizzle/status/1209295845151125504?s=20&t=8AJtxZ-PxXvYzsrIDJEivw,My mother mek sorrel and put inna the fridge but she nuh out no sugar or rum inna it yet. Mi go pour out and taste it üò≠üò≠üò≠üò≠üò≠üò≠üò≠,My mother mek sorrel and put it inna the fridge but she put too much sugar in deh. Mi jus drink some an waa bawl di way how it taste bad,contradiction,,,
155,https://twitter.com/xxxxShanziixxxx/status/1013493795806203905?s=20&t=-oDx8vml7lOTtX9RoyRFMQ,U have some really hateful ppl inna d workplace,Di heat dung a mi workplace bad,neutral,,,
156,https://twitter.com/Shemar_Davis/status/1209238075634855937?s=20&t=8AJtxZ-PxXvYzsrIDJEivw,Mi nuh care honestly,It nuh really matta to mi,entailment,,,
157,https://twitter.com/diaveragejoe/status/1204031789964111882?s=20&t=8AJtxZ-PxXvYzsrIDJEivw,Mi know at least 5 ppl weh birthday a today,Mi nuh know nuhbody who born today,contradiction,,,
158,https://twitter.com/_nessavannessa/status/1015764768408457216?s=20&t=-oDx8vml7lOTtX9RoyRFMQ,If somebody Nuh inna yuh them just nuh inna yuh. Doe try force them to feel otherwise.,If smaddy nuh like yuh dem nuh like yuh. Yuh nah guh change dem mind,entailment,,,
159,https://twitter.com/UpperKlassE/status/1489723891740200961?s=20&t=v7GgCcfOyOGmAgjPDuH66w,Da fan deh really angry,Da fan deh look like im a see red,entailment,,,
160,https://twitter.com/salimxbrucelim/status/1189617537304219649?s=20&t=gWvd9CuOlKRACawS5WRO1Q,Teachers in college really feel like seh a some pickney dem a deal wid enuh,Some a di college teacher dem bring dem pickney wid dem come a work,neutral,,,
161,https://twitter.com/Shakthamilitia/status/1186860611851956225?s=20&t=gWvd9CuOlKRACawS5WRO1Q,Man dem a force fi make brown the highlight of this game eh.,Brown neva play inna di game dem weh dem keep up a stadium before,neutral,,,
162,https://twitter.com/Shauna_Gee/status/1013521478204182528?s=20&t=-oDx8vml7lOTtX9RoyRFMQ,Croatia unnu gwaan too good inna group stage fi come knockouts and fumble.,Croatia fumble di ting inna di group stage,contradiction,,,
163,https://twitter.com/leBossLYNCH/status/1480586183939870729?s=20&t=EnaTIYJcE74TOxb481FA7Q,Mi just hold mi card and show dem di symbol,Mi plan fi apply fi get a new credit card,neutral,,,
164,https://twitter.com/chrstnwhtly/status/1209431404318281728?s=20&t=8AJtxZ-PxXvYzsrIDJEivw,Cyaa wait fi grow out my hair likkle more,Cyaa wait fi braid mi hair,neutral,,,
165,https://twitter.com/cremalicious/status/382513739024846848?s=20&t=EnaTIYJcE74TOxb481FA7Q,Mi nuh have cable a bush me live inna so try record and send me it,Mi nuh live a town suh mi nuh av nuh cable suh jus record it and send me,entailment,,,
166,http://louisebennett.com/hula-christmas/,"Dem wine like wire, spin like gig",Everybady siddung one place,contradiction,,,
167,https://twitter.com/QuitePerry/status/1461203478706065410?s=20&t=73wGLPzu_3Z5ZAbgA_yETQ,"Cyah par wid nobody weh shame fi walk wid mi a road, sorry.",Mi a walk guh school from mi a guh St. Jago Prep,neutral,,,
168,https://twitter.com/nikkiblossoms/status/1492397223728009217?s=20&t=wkO1-mquKJWj6g64zSaWxA,This makes me soo angry. The amount of ppl dat must have auditioned.. THE LEAST dem coulda do was pic sumbody wid locs.,The audition dem end up last fi bout six hour.,neutral,,,
169,https://twitter.com/SmittyRoyal/status/990656590100467713?s=20&t=-oDx8vml7lOTtX9RoyRFMQ,Next time you see the Salvation Army pan juss mek sure you remember that moment and drop extra inna it.,Salvation Army dem always deh outside a Sovereign suh mi drop sumn inna dem pan now an again,neutral,,,
170,https://twitter.com/simmah_san/status/1200904430553575425?s=20&t=8AJtxZ-PxXvYzsrIDJEivw,"Know da song deh, word fi word",Mi neva hear a song deh inna mi life,contradiction,,,
171,https://twitter.com/_Anakaye/status/1206270002401304576?s=20&t=8AJtxZ-PxXvYzsrIDJEivw,Me ready fi a relationship me serious this time .üôÑ,Me still nuh feel ready fi a relationship. Affi focus pon miself right yah now,contradiction,,,
172,https://twitter.com/j_talibah/status/1492286167831699457?s=20&t=wkO1-mquKJWj6g64zSaWxA,Big man yah star. Nuh bother wid that.,Di man ova deh suh use to sell Gleaner and Star,neutral,,,
173,https://twitter.com/GARFENE/status/1022572630929498125?s=20&t=-oDx8vml7lOTtX9RoyRFMQ,Inna traffic suh til me wah sleep,Inna di traffic suh till me tiyad,entailment,,,
174,https://twitter.com/coolizzle/status/1211684440050688001?s=20&t=-oDx8vml7lOTtX9RoyRFMQ,Mi have work later,Mi completely free later,contradiction,,,
175,https://twitter.com/ceeleigha_/status/1364635887817142272?s=20&t=NH8-qksgQ705pyb2gHAURQ,Mi annoyed bad bad. Tired of this.,Mi waa sleep bad bad,neutral,,,
176,https://jamaicans.com/talk/,She ah mi bess bess fren,She an me nuh really close,contradiction,,,
177,https://twitter.com/chrstnwhtly/status/1209136403189313540?s=20&t=8AJtxZ-PxXvYzsrIDJEivw,Mi doh have it!,Mi have it!,contradiction,,,
178,https://twitter.com/najzie/status/1205327131896623104?s=20&t=8AJtxZ-PxXvYzsrIDJEivw,Insecurities ah reach mi.,Mi nuh feel too too confident,entailment,,,
179,https://twitter.com/khrislor/status/1493054222157369344?s=20&t=ZS3oCOo05OxyJrVIf3I7nQ,Mi kinda want overtime inna dah game yah #GameDay #RamsvsBengals,Mi waa dem avoid overtime fi dah game yah,contradiction,,,
180,https://twitter.com/j_talibah/status/1477616727840239617?s=20&t=wkO1-mquKJWj6g64zSaWxA,"One thing wid me, me ago look nice when me put myself together.","One thing wid me, nuh matta how me put myself together mi still a guh look a way",contradiction,,,
181,https://twitter.com/_jevonl/status/1187409000847106048?s=20&t=gWvd9CuOlKRACawS5WRO1Q,The pizza delivery guy call me and seh mek sure mi deh outta door when him reach ü•¥,Di man come a mi gate while mi outta door,neutral,,,
182,https://twitter.com/MissPetite___/status/1206796932749901834?s=20&t=8AJtxZ-PxXvYzsrIDJEivw,Ano everybody fi know weh yuh live.,Yuh fi keep weh yuh live private,entailment,,,
183,https://twitter.com/smiletinaa_/status/1494737287720185859?s=20&t=MZ7dughlpWcD3YYNwVt__A,Tired fi spend money,Glad fi spend up mi money,contradiction,,,
184,https://twitter.com/JcanKay/status/1298468485891346432?s=20&t=73wGLPzu_3Z5ZAbgA_yETQ,Mi delete di tweet; done wid politics fi di night. Gone watch Brooklyn nine nine,Mi nah guh delete di tweet. Mi seh wah mi seh.,contradiction,,,
185,https://twitter.com/Thee_ChosenOne/status/1196742747929161729?s=20&t=tPhQg8pj_dcCZfGkj7FXJg,Sun rise and me jus have the intention fi go sleep,Mi drop a sleep from yesterday inna di evening,contradiction,,,
186,https://twitter.com/kharowl/status/1338067200381431809?s=20&t=gWvd9CuOlKRACawS5WRO1Q,Mi stress out,Mi stress bad,entailment,,,
187,https://twitter.com/AnsuMelekuGana/status/1497543556881395712?s=20&t=73wGLPzu_3Z5ZAbgA_yETQ,"Him sing one tune two times, when teacha run out wid a million songs!","Him nuh repeat none a him song dem, not one a dem play two time",contradiction,,,
188,http://louisebennett.com/hula-christmas/,None-stop motion an commotio ova Dina yaad mi chile!,Dina guh dung a Mandeville guh visit ar mada laas week,neutral,,,
189,https://twitter.com/iamsoauthentic3/status/1208092254197501955?s=20&t=8AJtxZ-PxXvYzsrIDJEivw,Me a dead fi hungry,Mi a starve,entailment,,,
190,https://twitter.com/mcmclish/status/1491113387488874498?s=20&t=ZS3oCOo05OxyJrVIf3I7nQ,Man dem a make moonshine inna Jamaica ü§£,Man dem nah make nuh moonshine inna Jamaica,contradiction,,,
191,https://twitter.com/purpzicle/status/1013573890394779649?s=20&t=-oDx8vml7lOTtX9RoyRFMQ,Mi feel like me a go japasleep inna the pageant,Mi well alert fi da pagaent ere,contradiction,,,
192,https://twitter.com/adrianwrob/status/1190436825762017281?s=20&t=gWvd9CuOlKRACawS5WRO1Q,Mi a vegan.,Mi love fi nyam mutton wen Christmas come,contradiction,,,
193,https://twitter.com/_najee___/status/1182655150160265216?s=20&t=gWvd9CuOlKRACawS5WRO1Q,Me download fifa lastnight and nuh have nuh vibes fi go work this morning üò≠,Me cousin dem love fi play fifa wid me wen mi visit dem,neutral,,,
194,https://twitter.com/DJromziinova876/status/1501036515501264898?s=20&t=IQuj79HJMOb8iVLiC37SrQ,Stop make people diss unnuh and come back and seh sorry. Dem a go dweet again,If somebody diss unnuh unnuh fi diss dem back!,neutral,,,
195,https://twitter.com/samisthGOAT/status/1203851314905669632?s=20&t=8AJtxZ-PxXvYzsrIDJEivw,All now mi nuh study two lines good,Mi barely start study,entailment,,,
196,https://twitter.com/kingdemic5/status/1205907495119663111?s=20&t=8AJtxZ-PxXvYzsrIDJEivw,Mi deh airport already a wait,Mi nuh reach di airport yet,contradiction,,,
197,https://twitter.com/Andi_O/status/1451686205347799043?s=20&t=JrM3AmkY2LYLeD1LD8jo2g,Siddung inna de car inna mi driveway and cyaa come out,Mi fren tell me seh she lose har work,neutral,,,
198,https://twitter.com/mr_authenticx1/status/1508886618358300672?s=20&t=IQuj79HJMOb8iVLiC37SrQ,Me seh! Up to now this Chris Rock situation still a bun me !,All now mi still upset bout di Chris Rock situation,entailment,,,
199,https://twitter.com/Jus_Davi876/status/1496838648909766656?s=20&t=NH8-qksgQ705pyb2gHAURQ,Mi head a hot me just thinking about the gas prices already right across and JPS will be snickering....,Dem raise di gas price dem bou 6 time ova di past year. Dem nuh tired fi a increase di price now? Mi pocket cyaa deal widdit.,neutral,,,
200,https://twitter.com/TaylorDavis876/status/1208521517098770432?s=20&t=8AJtxZ-PxXvYzsrIDJEivw,mi excited bad for tonight,mi a look fawud to tonight,entailment,,,
201,https://twitter.com/Thewellthnut/status/1497263931945103361?s=20&t=HZGIwWFovpsqjzxsfc8BnQ,We haffi try mek sense inna di nonsense. Forward,Bere nonsense dem did a chat afta di ball game done,neutral,,,
202,https://twitter.com/im_chill_bitch/status/1208583781411672064?s=20&t=8AJtxZ-PxXvYzsrIDJEivw,Mi a tell you sleep a kill mi but mi a go unruly,Mi too tiyad fi go unruly,contradiction,,,
203,https://twitter.com/TipoVibez/status/1210201840916291585?s=20&t=EnaTIYJcE74TOxb481FA7Q,Waking up pon mi hillside inna Mobay wid likkle cool breeze a beat me. Nothing nuh beat dat,Mi nuh too like fi feel di cool breeze inna di hillside up inna Mobay,contradiction,,,
204,https://twitter.com/ichidon_/status/1208882826004910080?s=20&t=8AJtxZ-PxXvYzsrIDJEivw,Unruly fest never need the international artists as much as you all think. Cause most a unuh only frighten fi foreigner,Unruly fest did really need di international artist dem. Dem did a gwaan wid bere tings,contradiction,,,
205,https://twitter.com/D_nai_Elle/status/1205527531438428161?s=20&t=8AJtxZ-PxXvYzsrIDJEivw,"So UWI really a try mess with me inna exam time!

Mi kindly tell dem that they will see me bright and early Tuesday morning after my exams unless dem waan give me back my tuition cuz i could do well with half a mill for the holiday.",UWI still nuh done mark di exam dem weh wi do from way back inna December. Mi feel like seh mi a waste mi tuition due to how dem love ramp wid we. Mi tiyad a dem!,neutral,,,
206,https://twitter.com/BiggerBttm/status/1501950060577312770?s=20&t=-sXsfeKCclaiQMa9DPHUDQ,Mi just feel nice n comfortable inna me skin this morning sis.. like me soul and body bathe good.. ü§£ü§£ü§£,Mi feel fi eat some soul food wen mi guh dung a mi auntie,neutral,,,
207,https://twitter.com/sweet_tee2817/status/1496821215637524486?s=20&t=NH8-qksgQ705pyb2gHAURQ,"Him no see seh mi can‚Äôt buy gas at $210, how mi a go afford 400",Chicken patty cost $210 down a Juicy Beef a UWI. By time mi graduate dem goodly raise di price to $400,neutral,,,
208,https://twitter.com/bizdwg/status/1039890686701654017?s=20&t=-oDx8vml7lOTtX9RoyRFMQ,Man dem tun everything inna joke ü§£,Man dem tek everything serious,contradiction,,,
209,https://twitter.com/AyawnaBennett/status/1504547369907634186?s=20&t=IQuj79HJMOb8iVLiC37SrQ,Glad him fly the gate. Still a go wear my mask tho cause that weh him just seh nay mek sense but‚Ä¶ vibes.,Happy seh tings open up but mi still a guh wear mi mask cause weh him seh neva really mek sense,entailment,,,
210,https://twitter.com/najzie/status/1211526675302952960?s=20&t=-oDx8vml7lOTtX9RoyRFMQ,Mi outfit did cute tonight üò¨üò¨üò¨,Mi outfit did sell af tonight,entailment,,,
211,https://twitter.com/BoulevardBoyzz/status/1190085200325365760?s=20&t=gWvd9CuOlKRACawS5WRO1Q,Mi naav nuh energy fi argue wid nobody bout anything !,Mi too tiyad fi argue wid people bout anything,entailment,,,
212,https://twitter.com/drewfitzz/status/1204489351490678784?s=20&t=8AJtxZ-PxXvYzsrIDJEivw,Next Black Friday mi a treat myself to a switch üò≠,Mi a guh buy myself one switch when Black Friday come again,entailment,,,
213,https://twitter.com/shereedaci_/status/1202771123227758592?s=20&t=8AJtxZ-PxXvYzsrIDJEivw,"As you get a likkle work and start make a little money, your parents start tell you how fi spend YOUR money",If yuh a work an mek money yuh haffi share some a it wid you parents,neutral,,,
214,https://twitter.com/GerroKing/status/1190760521072619525?s=20&t=gWvd9CuOlKRACawS5WRO1Q,Mi seet clear seh the police dem give up.,All wah gwaan mi feel like di police dem still a try,contradiction,,,
215,https://twitter.com/coolizzle/status/1183593827845718017?s=20&t=gWvd9CuOlKRACawS5WRO1Q,Mi just nuh inna the excitement mood and sumn,Mi tiyad fi hear dah song deh,neutral,,,
216,https://twitter.com/Therealstepheen/status/1201187460967018496?s=20&t=8AJtxZ-PxXvYzsrIDJEivw,Rashford deh pon a piece a form deh,Rashford a play since him inna third form,neutral,,,
217,https://twitter.com/TheFortisOne/status/1494064335953571842?s=20&t=wkO1-mquKJWj6g64zSaWxA,My thoughts exactly! Dem nuh business wid we enuh,Dem nah guh shut down di business,neutral,,,
218,https://twitter.com/Christi_Satire/status/1338470948249497603?s=20&t=gWvd9CuOlKRACawS5WRO1Q,Deh space Deh too small fi the Genna car park,Di Genna cyaa park deh suh,entailment,,,
219,https://twitter.com/_KadeshiaShania/status/1211444526365204481?s=20&t=-oDx8vml7lOTtX9RoyRFMQ,Christmas gone and me just bout fi sample the likkle cake,Bere cake mi eat since Christmas so mi nah guh eat nuh more,contradiction,,,
220,https://twitter.com/coolizzle/status/1189729387928784896?s=20&t=gWvd9CuOlKRACawS5WRO1Q,October basically finished. Not one Christmas breeze mi nuh feel yet. I‚Äôm concerned.,From October start Christmas breeze a blow,contradiction,,,
221,https://twitter.com/purpzicle/status/1018723995745701888?s=20&t=-oDx8vml7lOTtX9RoyRFMQ,Mi cya play pool inna real life and mi cya play it pon mi phone. A wah this,Mi always a beat people wen mi play pool. ,contradiction,,,
222,https://twitter.com/Dark_Emperorr/status/1508927667323682827?s=20&t=IQuj79HJMOb8iVLiC37SrQ,U know seh me start bawl a while ago. Like living eye wata,Me did a cry a while ago. Mi eye dem full up a wata,entailment,,,
223,https://twitter.com/tia_chanice/status/1487837325711314944?s=20&t=v7GgCcfOyOGmAgjPDuH66w,Da beard deh old yo up man‚Ä¶ try the other beard wid the nose ring,Yuh need fi stop wear da ring deh cause it a get rusty,neutral,,,
224,https://twitter.com/purpzicle/status/1016697553222545408?s=20&t=-oDx8vml7lOTtX9RoyRFMQ,"Mi waa know why mi dream say mi a run from Reading to Bogue. Fast fast too enuh, like lightning deh inna mi foot.",A big piece a lightning lick one grapefruit tree dung a Bogue,neutral,,,
225,https://twitter.com/_warrendunn/status/1495412512572858369?s=20&t=3Gc1Nj1IdbGayI6kRUSXOQ,See it clear seh this side only have strength fi Leeds,This side look like dem have strength fi all a di team dem,contradiction,,,
226,https://twitter.com/UncleBarry876/status/1471837392659173377?s=20&t=EnaTIYJcE74TOxb481FA7Q,"One God almighty fridge, 1 tv and 4 bulp inna mi mada house",Mi mada naav nuh tv inna har house,contradiction,,,
227,https://twitter.com/diaveragejoe/status/1203880482657701888?s=20&t=8AJtxZ-PxXvYzsrIDJEivw,Like mi need fi visit a physiotherapist a morning,Mi feel like me need fi guh one physiotherapist when morning come,entailment,,,
228,https://twitter.com/PerryCummingsJ1/status/1198758858531000320?s=20&t=tPhQg8pj_dcCZfGkj7FXJg,Rainbow did pretty over mi hall since evening.,Mi si one rainbow when mi did guh a country,neutral,,,
229,https://twitter.com/bridgettechung_/status/1013083375547092992?s=20&t=-oDx8vml7lOTtX9RoyRFMQ,Only during World Cup mi tweet suh much... watch when it done mi gone back inna hiding,Mi nuh really tweet too often if World Cup nah gwaan,entailment,,,
230,https://twitter.com/Rvssiancfc/status/1496690852063854600?s=20&t=73wGLPzu_3Z5ZAbgA_yETQ,Mi remember how the place did tense inna May 2010 an mi just a imagine that x 1000 wid wah gwaan Ukraine. Jah guide an protect üôèüòî,Mi nuh guh work in person since May 2010 suh mi used to di work from home ting,neutral,,,
231,https://twitter.com/mcmclish/status/1180688580949217281?s=20&t=gWvd9CuOlKRACawS5WRO1Q,"Mi a follow mi friend purchase her house a cherry gardens Thursday and follow her go meet the Minister of Education Monday, all this friendship build from renting cars lol homegirl charter jet just fi come yah Mi just admire her.",Mi an mi auntie did plan fi guh visit Cherry Gardens Thursday but she did have one meeting wid one minister di same evenin suh we neva bodda guh,neutral,,,
232,https://twitter.com/4evabutterfly/status/597257391453835264?s=20&t=JrM3AmkY2LYLeD1LD8jo2g,A di best clash dis inna magnum history mi naa lie ,Dis a di worst clash mi eva see inna Magnum history,contradiction,,,
233,https://jamaicans.com/talk/,Smaddy tell mi sey yuh did a chat bout mi,Mi and dem did a chat ar,neutral,,,
234,https://twitter.com/jesuisshalla/status/1207363388709523458?s=20&t=8AJtxZ-PxXvYzsrIDJEivw,Holiday so mi phone deh pon DND.,Since a holiday mi put mi phone pon DND.,entailment,,,
235,https://twitter.com/Rvssiancfc/status/1494085287189831681?s=20&t=ZS3oCOo05OxyJrVIf3I7nQ,If yuh nuh season di meat before it guh inna di pot it is not Jamaican food,If di meat nuh season wid pimento it nah guh taste good,neutral,,,
236,https://twitter.com/DjNews876/status/1507379818630897674?s=20&t=-sXsfeKCclaiQMa9DPHUDQ,Feel like me wudda spend few days inna negril,Mi feel fi guh spend couple days inna negril,entailment,,,
237,https://twitter.com/Romiii_linkup/status/1028673272249032705?s=20&t=-oDx8vml7lOTtX9RoyRFMQ,Fry dumpling would a nice inna the morning ya,Me feel fi some fry dumpling inna di morning ya,entailment,,,
238,https://twitter.com/Nicholson109/status/1340711112493436928?s=20&t=73wGLPzu_3Z5ZAbgA_yETQ,People change so ya fi just live wid it cause yuh caah change a person if they don‚Äôt wanna change themselves. üò¥,Me nuh know wen dem change di requirement dem but me nuh tink mi a guh apply again,neutral,,,
239,https://twitter.com/ShadaeTiana/status/1190883073723977728?s=20&t=gWvd9CuOlKRACawS5WRO1Q,"Me have the potential fi look good enu , a just bruk me bruk",Even if mi did av money mi know seh mi still woulda struggle fi look good,contradiction,,,
240,https://twitter.com/Sara_McCalla/status/1342140118442905604?s=20&t=gWvd9CuOlKRACawS5WRO1Q,A lone police deh pan d road,Nuff traffic deh pan di road,neutral,,,
241,https://twitter.com/Andi_O/status/1478866895650631690?s=20&t=JrM3AmkY2LYLeD1LD8jo2g,"Mi ""wallet"" full to de brim and mi belly empty",Mi av money but mi hungry,entailment,,,
242,https://twitter.com/nisathedon/status/1341504401530380288?s=20&t=gWvd9CuOlKRACawS5WRO1Q,"$650 plus tax fi a likkle can a pineapple slice, with like 5 inna it. Mussi mad. The ham go haffi do without it",Mi uncle normally mek di ham wid pineapple a Christmas time fi gi it likkle flavor,neutral,,,
243,https://twitter.com/Albadamage/status/1198752924089884672?s=20&t=tPhQg8pj_dcCZfGkj7FXJg,Raisin a get soak in a red label wine fi make cake,Mi granny nuh normally mek har cake dem wid raisin,neutral,,,
244,https://twitter.com/purpzicle/status/1014724018019164160?s=20&t=-oDx8vml7lOTtX9RoyRFMQ,"Craving pizza or pasta, like mi nuh have box food inna the kitchen.",Mi woulda neva eat pasta nuh matta how hungry mi feel,contradiction,,,
245,https://twitter.com/_doofy/status/1020936507698434049?s=20&t=-oDx8vml7lOTtX9RoyRFMQ,me nuh understand how Jamaican dancers wear so much clothes inna these hot times. man inna turtle neck man inna trench coat & man inna leather jacket... yow I‚Äôm so confused,Jamaican dancers always a wear a bag a clothes like trench coat and dem tings deh. Me nuh get it cause di way how di temperature high dem mus hot,entailment,,,
246,https://twitter.com/Nicholos_1/status/1479475951394246659?s=20&t=JrM3AmkY2LYLeD1LD8jo2g,Jamaica done have whole heap a deal wid already and cah go manage a outbreak wid dem yah different strain a the virus weh a drop like how Kartel a drop him songs dem,Jamaica have a wul heap a dancehall artiste but dem nuh really a release songs weh can compete wid Kartel,neutral,2:84 neutral,2:84 contradiction,2:85 entailment
247,https://twitter.com/TipoVibez/status/1102294630006169600?s=20&t=JrM3AmkY2LYLeD1LD8jo2g,If ano CLARKS mi nah wear it.,Mi nuh too like fi wear Clarks.,contradiction,,,
248,https://twitter.com/jordaingjones/status/1495850846004916232?s=20&t=3Gc1Nj1IdbGayI6kRUSXOQ,Last night me dream seh me find 5 bills on the road. Weh dat mean?,Last night me nuh dream see nutn. Too tired fi dream from wah day deh,contradiction,,,
249,https://twitter.com/djspugy876/status/1187421200902963200?s=20&t=gWvd9CuOlKRACawS5WRO1Q,So mi wash yesterday and never hang out cause a rain now sun a beat and rain just fall out a no where when me hang out! How comes what sign is this,Yesterday di sun did a shine bright suh mi did manage fi hang out di clothes dem,contradiction,,,
250,https://twitter.com/coolizzle/status/1178169138327543813?s=20&t=gWvd9CuOlKRACawS5WRO1Q,Mi not even ago watch this Room of Requirement scene üôÑ,Mi nah guh watch this Room of Requirement scene,entailment,,,